play_id,game_id,week,desc,posteam,defteam,down,ydstogo,yardline_100,qtr,game_seconds_remaining,score_differential,play_type,passer_player_name,receiver_player_name,pass_location,air_yards,yards_after_catch,passing_yards,complete_pass,incomplete_pass,sack,interception,touchdown,first_down_pass,epa,cpoe,xpass,air_yard_category,weekly_counts
249.0,2025_04_LAC_NYG,4,"(12:42) (No Huddle, Shotgun) 6-J.Dart pass short left to 1-M.Nabers to NYG 39 for 7 yards (20-C.Hart).",NYG,LAC,2.0,8.0,68.0,1.0,3462.0,0.0,pass,J.Dart,M.Nabers,left,4.0,3.0,7.0,1.0,0.0,0.0,0.0,0.0,0.0,0.5831354167312384,22.192996740341187,0.6106270551681519,Short [0-10),20
362.0,2025_04_LAC_NYG,4,"(10:05) (No Huddle, Shotgun) 6-J.Dart pass short middle to 1-M.Nabers to LAC 15 for 13 yards (0-D.Henley).",NYG,LAC,1.0,10.0,28.0,1.0,3305.0,0.0,pass,J.Dart,M.Nabers,middle,13.0,0.0,13.0,1.0,0.0,0.0,0.0,0.0,1.0,0.8082454132381827,29.48896288871765,0.38192951679229736,Intermediate [10-20),20
852.0,2025_04_LAC_NYG,4,(4:10) (Shotgun) 6-J.Dart pass deep right to 18-D.Slayton to NYG 23 for 18 yards (24-B.St-Juste).,NYG,LAC,3.0,6.0,95.0,1.0,2950.0,7.0,pass,J.Dart,D.Slayton,right,18.0,0.0,18.0,1.0,0.0,0.0,0.0,0.0,1.0,1.9855082764988765,53.667113184928894,0.9329022765159607,Intermediate [10-20),20
877.0,2025_04_LAC_NYG,4,(3:31) (Shotgun) 6-J.Dart pass short left to 17-W.Robinson to NYG 23 for no gain (29-T.Still).,NYG,LAC,1.0,10.0,77.0,1.0,2911.0,7.0,pass,J.Dart,W.Robinson,left,-3.0,3.0,0.0,1.0,0.0,0.0,0.0,0.0,0.0,-0.5573034421540797,11.875998973846436,0.4445018172264099,Behind LOS,20
902.0,2025_04_LAC_NYG,4,(2:52) (Shotgun) 6-J.Dart pass incomplete deep right to 18-D.Slayton (24-B.St-Juste).,NYG,LAC,2.0,10.0,77.0,1.0,2872.0,7.0,pass,J.Dart,D.Slayton,right,37.0,,,0.0,1.0,0.0,0.0,0.0,0.0,-0.8087616027332842,-31.807056069374084,0.5269263386726379,Deep [20+),20
1625.0,2025_04_LAC_NYG,4,"(6:48) (Shotgun) 6-J.Dart pass short middle to 82-D.Bellinger to NYG 49 for 12 yards (43-T.Dye; 2-E.Molden). New York Giants challenged the short of the line to gain ruling, and the play was REVERSED. (Shotgun) 6-J.Dart pass short middle to 82-D.Bellinger to 50 for 13 yards (43-T.Dye; 2-E.Molden).",NYG,LAC,3.0,13.0,63.0,2.0,2208.0,7.0,pass,J.Dart,D.Bellinger,middle,10.0,3.0,13.0,1.0,0.0,0.0,0.0,0.0,1.0,2.342422730056569,33.81253480911255,0.9513212442398071,Intermediate [10-20),20
1692.0,2025_04_LAC_NYG,4,(6:26) (Shotgun) 6-J.Dart pass incomplete deep right to 84-T.Johnson [45-T.Tuipulotu].,NYG,LAC,1.0,10.0,50.0,2.0,2186.0,7.0,pass,J.Dart,T.Johnson,right,20.0,,,0.0,1.0,0.0,0.0,0.0,0.0,-0.45387331675738096,-40.76477885246277,0.4574327766895294,Deep [20+),20
1715.0,2025_04_LAC_NYG,4,"(6:21) (Shotgun) 6-J.Dart pass short right to 1-M.Nabers to LAC 43 for 7 yards (23-T.Jefferson). Los Angeles Chargers challenged the pass completion ruling, and the play was REVERSED. (Shotgun) 6-J.Dart pass incomplete short right to 1-M.Nabers.",NYG,LAC,2.0,10.0,50.0,2.0,2181.0,7.0,pass,J.Dart,M.Nabers,right,7.0,,,0.0,1.0,0.0,0.0,0.0,0.0,-0.7465645815245807,-71.68725728988647,0.5874128341674805,Short [0-10),20
1881.0,2025_04_LAC_NYG,4,(5:38) (Shotgun) 6-J.Dart pass short right to 44-C.Skattebo to LAC 35 for 4 yards (43-T.Dye).,NYG,LAC,1.0,10.0,39.0,2.0,2138.0,7.0,pass,J.Dart,C.Skattebo,right,-5.0,9.0,4.0,1.0,0.0,0.0,0.0,0.0,0.0,-0.22482972126454115,12.598645687103271,0.4362051486968994,Behind LOS,20
1906.0,2025_04_LAC_NYG,4,"(5:10) (No Huddle, Shotgun) 6-J.Dart pass short left to 84-T.Johnson to LAC 31 for 4 yards (3-D.James).",NYG,LAC,2.0,6.0,35.0,2.0,2110.0,7.0,pass,J.Dart,T.Johnson,left,3.0,1.0,4.0,1.0,0.0,0.0,0.0,0.0,0.0,0.003773910808376968,24.069911241531372,0.5577228665351868,Short [0-10),20
2073.0,2025_04_LAC_NYG,4,(2:00) (Shotgun) 6-J.Dart pass incomplete short right.,NYG,LAC,3.0,11.0,13.0,2.0,1920.0,7.0,pass,J.Dart,,right,0.0,,,0.0,1.0,0.0,0.0,0.0,0.0,-0.6619450253038646,,0.9617924094200134,Short [0-10),20
2652.0,2025_04_LAC_NYG,4,"(12:25) (No Huddle, Shotgun) 6-J.Dart pass incomplete short middle to 84-T.Johnson [43-T.Dye].",NYG,LAC,1.0,10.0,48.0,3.0,1645.0,3.0,pass,J.Dart,T.Johnson,middle,10.0,,,0.0,1.0,0.0,0.0,0.0,0.0,-0.5060392313171178,-53.80121469497681,0.4263637065887451,Intermediate [10-20),20
3213.0,2025_04_LAC_NYG,4,(5:28) (Shotgun) 6-J.Dart pass incomplete short right to 17-W.Robinson.,NYG,LAC,3.0,13.0,99.0,3.0,1228.0,3.0,pass,J.Dart,W.Robinson,right,5.0,,,0.0,1.0,0.0,0.0,0.0,0.0,-0.9498532461002469,-70.31371593475342,0.7172450423240662,Short [0-10),20
3383.0,2025_04_LAC_NYG,4,"(2:54) (Shotgun) 6-J.Dart pass short middle to 84-T.Johnson for 3 yards, TOUCHDOWN. PENALTY on LAC-96-N.Jones, Unnecessary Roughness, 1 yard, enforced between downs.",NYG,LAC,2.0,3.0,3.0,3.0,1074.0,3.0,pass,J.Dart,T.Johnson,middle,-2.0,5.0,3.0,1.0,0.0,0.0,0.0,1.0,1.0,1.1556963551556692,15.81084132194519,0.4898154139518738,Behind LOS,20
3595.0,2025_04_LAC_NYG,4,(1:21) (Shotgun) 6-J.Dart pass short right to 44-C.Skattebo to NYG 46 for 7 yards (0-D.Henley).,NYG,LAC,1.0,10.0,61.0,3.0,981.0,3.0,pass,J.Dart,C.Skattebo,right,-6.0,13.0,7.0,1.0,0.0,0.0,0.0,0.0,0.0,0.30088925594463944,12.923389673233032,0.4503854811191559,Behind LOS,20
3682.0,2025_04_LAC_NYG,4,(15:00) (Shotgun) 6-J.Dart pass short right to 18-D.Slayton to LAC 38 for 17 yards (23-T.Jefferson).,NYG,LAC,2.0,16.0,55.0,4.0,900.0,3.0,pass,J.Dart,D.Slayton,right,5.0,12.0,17.0,1.0,0.0,0.0,0.0,0.0,1.0,1.8261207472532988,22.26354479789734,0.8634434938430786,Short [0-10),20
3937.0,2025_04_LAC_NYG,4,"(10:15) (No Huddle, Shotgun) 6-J.Dart pass short right to 18-D.Slayton to LAC 27 for 9 yards (29-T.Still; 23-T.Jefferson).",NYG,LAC,1.0,10.0,36.0,4.0,615.0,3.0,pass,J.Dart,D.Slayton,right,6.0,3.0,9.0,1.0,0.0,0.0,0.0,0.0,0.0,0.7016824750462547,24.476826190948486,0.34447038173675537,Short [0-10),20
3984.0,2025_04_LAC_NYG,4,"(9:14) (No Huddle, Shotgun) 6-J.Dart pass short right to 17-W.Robinson pushed ob at LAC 13 for 6 yards (43-T.Dye; 29-T.Still).",NYG,LAC,1.0,10.0,19.0,4.0,554.0,3.0,pass,J.Dart,W.Robinson,right,-5.0,11.0,6.0,1.0,0.0,0.0,0.0,0.0,0.0,0.21221628144849092,13.59073519706726,0.30663228034973145,Behind LOS,20
4177.0,2025_04_LAC_NYG,4,(5:44) (Shotgun) 6-J.Dart pass incomplete short right to 17-W.Robinson (32-A.Gilman).,NYG,LAC,4.0,3.0,3.0,4.0,344.0,3.0,pass,J.Dart,W.Robinson,right,3.0,,,0.0,1.0,0.0,0.0,0.0,0.0,-2.8022040931973606,-42.84793734550476,0.8860326409339905,Short [0-10),20
4504.0,2025_04_LAC_NYG,4,(2:38) (Shotgun) 6-J.Dart pass short middle to 84-T.Johnson to NYG 41 for 10 yards (0-D.Henley).,NYG,LAC,3.0,5.0,69.0,4.0,158.0,3.0,pass,J.Dart,T.Johnson,middle,7.0,3.0,10.0,1.0,0.0,0.0,0.0,0.0,1.0,0.5477673519635573,28.975677490234375,0.8861379623413086,Short [0-10),20
174.0,2025_05_NYG_NO,5,(13:39) (Shotgun) 6-J.Dart pass short right to 17-W.Robinson to NYG 46 for 5 yards (1-A.Taylor; 33-J.Sanker).,NYG,NO,1.0,10.0,59.0,1.0,3519.0,0.0,pass,J.Dart,W.Robinson,right,-2.0,7.0,5.0,1.0,0.0,0.0,0.0,0.0,0.0,0.19957236829213798,11.068373918533325,0.463712215423584,Behind LOS,39
199.0,2025_05_NYG_NO,5,"(13:11) (No Huddle, Shotgun) 6-J.Dart pass short middle to 82-D.Bellinger to NO 40 for 14 yards (21-J.Reid; 20-P.Werner).",NYG,NO,2.0,5.0,54.0,1.0,3491.0,0.0,pass,J.Dart,D.Bellinger,middle,9.0,5.0,14.0,1.0,0.0,0.0,0.0,0.0,1.0,1.2226904451381415,24.27430748939514,0.5125024318695068,Short [0-10),39
268.0,2025_05_NYG_NO,5,(11:14) (Shotgun) 6-J.Dart pass short left to 17-W.Robinson to NO 24 for 6 yards (56-D.Davis).,NYG,NO,1.0,10.0,30.0,1.0,3374.0,0.0,pass,J.Dart,W.Robinson,left,-3.0,9.0,6.0,1.0,0.0,0.0,0.0,0.0,0.0,0.3364266318967566,11.268645524978638,0.4390604496002197,Behind LOS,39
357.0,2025_05_NYG_NO,5,"(9:51) 6-J.Dart pass deep left to 82-D.Bellinger pushed ob at NO 1 for 18 yards (33-J.Sanker). New Orleans challenged the pass completion ruling, and the play was Upheld. The ruling on the field stands. (Timeout #1.)",NYG,NO,1.0,10.0,19.0,1.0,3291.0,0.0,pass,J.Dart,D.Bellinger,left,16.0,2.0,18.0,1.0,0.0,0.0,0.0,0.0,1.0,1.634674969187472,58.516743779182434,0.42273369431495667,Intermediate [10-20),39
451.0,2025_05_NYG_NO,5,"(9:38) 6-J.Dart pass short left to 84-T.Johnson for 1 yard, TOUCHDOWN.",NYG,NO,1.0,1.0,1.0,1.0,3278.0,0.0,pass,J.Dart,T.Johnson,left,1.0,0.0,1.0,1.0,0.0,0.0,0.0,1.0,1.0,0.4741431472939439,37.970709800720215,0.24172425270080566,Short [0-10),39
958.0,2025_05_NYG_NO,5,(1:34) (Shotgun) 6-J.Dart pass short left to 82-D.Bellinger to NYG 38 for 8 yards (4-K.McKinstry).,NYG,NO,1.0,10.0,70.0,1.0,2794.0,4.0,pass,J.Dart,D.Bellinger,left,1.0,7.0,8.0,1.0,0.0,0.0,0.0,0.0,0.0,0.5473146250005811,15.086168050765991,0.48008546233177185,Short [0-10),39
1005.0,2025_05_NYG_NO,5,"(:39) (No Huddle, Shotgun) 6-J.Dart pass incomplete short right to 44-C.Skattebo (90-B.Bresee).",NYG,NO,1.0,10.0,53.0,1.0,2739.0,4.0,pass,J.Dart,C.Skattebo,right,-5.0,,,0.0,1.0,0.0,0.0,0.0,0.0,-0.5594094390980899,-88.92261981964111,0.48442089557647705,Behind LOS,39
1076.0,2025_05_NYG_NO,5,(15:00) (Shotgun) 6-J.Dart pass short left to 18-D.Slayton pushed ob at NO 17 for 16 yards (33-J.Sanker).,NYG,NO,1.0,10.0,33.0,2.0,2700.0,4.0,pass,J.Dart,D.Slayton,left,0.0,16.0,16.0,1.0,0.0,0.0,0.0,0.0,1.0,1.0722604523180053,25.475186109542847,0.446601539850235,Short [0-10),39
1160.0,2025_05_NYG_NO,5,"(13:06) (Shotgun) 6-J.Dart pass short middle to 84-T.Johnson for 15 yards, TOUCHDOWN.",NYG,NO,3.0,8.0,15.0,2.0,2586.0,4.0,pass,J.Dart,T.Johnson,middle,15.0,0.0,15.0,1.0,0.0,0.0,0.0,1.0,1.0,3.1868035888765007,56.16597831249237,0.977262020111084,Intermediate [10-20),39
1546.0,2025_05_NYG_NO,5,(7:41) (Shotgun) 6-J.Dart pass incomplete deep middle to 18-D.Slayton [58-C.Rumph].,NYG,NO,1.0,10.0,65.0,2.0,2261.0,8.0,pass,J.Dart,D.Slayton,middle,45.0,,,0.0,1.0,0.0,0.0,0.0,0.0,-0.4710128651931882,-32.0615291595459,0.4894849956035614,Deep [20+),39
1591.0,2025_05_NYG_NO,5,(6:53) (Shotgun) 6-J.Dart pass incomplete short left to 26-D.Singletary.,NYG,NO,1.0,10.0,54.0,2.0,2213.0,8.0,pass,J.Dart,D.Singletary,left,-1.0,,,0.0,1.0,0.0,0.0,0.0,0.0,-0.5101597413886338,-88.72169852256775,0.48050037026405334,Behind LOS,39
1636.0,2025_05_NYG_NO,5,"(6:14) (No Huddle, Shotgun) 6-J.Dart pass short left to 26-D.Singletary pushed ob at NO 48 for 4 yards (31-J.Howden) [90-B.Bresee].",NYG,NO,3.0,8.0,52.0,2.0,2174.0,8.0,pass,J.Dart,D.Singletary,left,-2.0,6.0,4.0,1.0,0.0,0.0,0.0,0.0,0.0,-1.1491156287956983,38.27525973320007,0.9752609729766846,Behind LOS,39
1852.0,2025_05_NYG_NO,5,(2:50) 6-J.Dart pass incomplete deep middle to 18-D.Slayton (26-T.Burgess).,NYG,NO,3.0,2.0,52.0,2.0,1970.0,1.0,pass,J.Dart,D.Slayton,middle,42.0,,,0.0,1.0,0.0,0.0,0.0,0.0,-1.6606416986323893,-36.74473464488983,0.7752490043640137,Deep [20+),39
2173.0,2025_05_NYG_NO,5,(1:25) (Shotgun) 6-J.Dart pass incomplete short right to 18-D.Slayton.,NYG,NO,1.0,10.0,58.0,2.0,1885.0,1.0,pass,J.Dart,D.Slayton,right,9.0,,,0.0,1.0,0.0,0.0,0.0,0.0,-0.5339236478321254,-72.22394943237305,0.9189586043357849,Short [0-10),39
2196.0,2025_05_NYG_NO,5,(1:22) (Shotgun) 6-J.Dart pass short right to 44-C.Skattebo pushed ob at NO 44 for 14 yards (33-J.Sanker).,NYG,NO,2.0,10.0,58.0,2.0,1882.0,1.0,pass,J.Dart,C.Skattebo,right,-1.0,15.0,14.0,1.0,0.0,0.0,0.0,0.0,1.0,1.2402477029827423,11.344248056411743,0.9224377274513245,Behind LOS,39
2226.0,2025_05_NYG_NO,5,"(1:13) (Shotgun) 6-J.Dart pass short right to 18-D.Slayton to NO 35 for 9 yards (56-D.Davis). FUMBLES (56-D.Davis), RECOVERED by NO-33-J.Sanker at NO 32. 33-J.Sanker pushed ob at NYG 41 for 27 yards (26-D.Singletary).",NYG,NO,1.0,10.0,44.0,2.0,1873.0,1.0,pass,J.Dart,D.Slayton,right,5.0,4.0,9.0,1.0,0.0,0.0,0.0,0.0,0.0,-5.370870599348564,21.30025029182434,0.9305620193481445,Short [0-10),39
2537.0,2025_05_NYG_NO,5,(14:55) (Shotgun) 6-J.Dart pass short left to 84-T.Johnson to NYG 34 for -2 yards (33-J.Sanker).,NYG,NO,1.0,10.0,64.0,3.0,1795.0,-2.0,pass,J.Dart,T.Johnson,left,-3.0,1.0,-2.0,1.0,0.0,0.0,0.0,0.0,0.0,-1.0473477505147457,10.352778434753418,0.4424111247062683,Behind LOS,39
2562.0,2025_05_NYG_NO,5,(14:13) (Shotgun) 6-J.Dart pass short left to 18-D.Slayton to NYG 40 for 6 yards (4-K.McKinstry).,NYG,NO,2.0,12.0,66.0,3.0,1753.0,-2.0,pass,J.Dart,D.Slayton,left,2.0,4.0,6.0,1.0,0.0,0.0,0.0,0.0,0.0,0.04102698853239417,16.631382703781128,0.8336168527603149,Short [0-10),39
2587.0,2025_05_NYG_NO,5,"(13:30) (No Huddle, Shotgun) 6-J.Dart pass short left to 44-C.Skattebo to NYG 45 for 5 yards (31-J.Howden).",NYG,NO,3.0,6.0,60.0,3.0,1710.0,-2.0,pass,J.Dart,C.Skattebo,left,1.0,4.0,5.0,1.0,0.0,0.0,0.0,0.0,0.0,-0.7987107769586146,20.507729053497314,0.9812684655189514,Short [0-10),39
3156.0,2025_05_NYG_NO,5,(4:30) (Shotgun) 6-J.Dart pass short left to 82-D.Bellinger to NO 43 for 12 yards (33-J.Sanker).,NYG,NO,3.0,7.0,55.0,3.0,1170.0,-5.0,pass,J.Dart,D.Bellinger,left,2.0,10.0,12.0,1.0,0.0,0.0,0.0,0.0,1.0,2.017669153865427,21.694785356521606,0.9860042929649353,Short [0-10),39
3269.0,2025_05_NYG_NO,5,(1:14) 6-J.Dart pass short right to 44-C.Skattebo to NO 15 for 7 yards (1-A.Taylor).,NYG,NO,2.0,6.0,22.0,3.0,974.0,-5.0,pass,J.Dart,C.Skattebo,right,-3.0,10.0,7.0,1.0,0.0,0.0,0.0,0.0,1.0,0.8015971905551851,12.100452184677124,0.6646747589111328,Behind LOS,39
3294.0,2025_05_NYG_NO,5,(:38) (Shotgun) 6-J.Dart pass short left to 84-T.Johnson to NO 12 for 3 yards (56-D.Davis; 1-A.Taylor).,NYG,NO,1.0,10.0,15.0,3.0,938.0,-5.0,pass,J.Dart,T.Johnson,left,-2.0,5.0,3.0,1.0,0.0,0.0,0.0,0.0,0.0,-0.2844780810410157,11.9046151638031,0.4532448351383209,Behind LOS,39
3423.0,2025_05_NYG_NO,5,(14:40) (Shotgun) 6-J.Dart pass short middle to 44-C.Skattebo to 50 for 3 yards (58-C.Rumph; 56-D.Davis).,NYG,NO,1.0,10.0,53.0,4.0,880.0,-12.0,pass,J.Dart,C.Skattebo,middle,0.0,3.0,3.0,1.0,0.0,0.0,0.0,0.0,0.0,-0.3089450525585562,37.501925230026245,0.6772633790969849,Short [0-10),39
3538.0,2025_05_NYG_NO,5,(12:09) (Shotgun) 6-J.Dart pass short right to 17-W.Robinson to NO 42 for 5 yards (1-A.Taylor).,NYG,NO,1.0,15.0,47.0,4.0,729.0,-12.0,pass,J.Dart,W.Robinson,right,5.0,0.0,5.0,1.0,0.0,0.0,0.0,0.0,0.0,0.09767566109076142,21.067309379577637,0.8908627033233643,Short [0-10),39
3568.0,2025_05_NYG_NO,5,"(11:30) (Shotgun) 6-J.Dart pass short left to 17-W.Robinson to NO 40 for 2 yards (1-A.Taylor; 96-C.Granderson). PENALTY on NYG-81-B.Collins, Offensive Holding, 10 yards, enforced at NO 40.",NYG,NO,2.0,10.0,42.0,4.0,690.0,-12.0,pass,J.Dart,W.Robinson,left,-3.0,5.0,2.0,1.0,0.0,0.0,0.0,0.0,0.0,-0.7997629360761493,10.751456022262573,0.8156853914260864,Behind LOS,39
3604.0,2025_05_NYG_NO,5,"(11:03) (Shotgun) 6-J.Dart pass incomplete deep middle to 17-W.Robinson (56-D.Davis) [94-C.Jordan]. Penalty on NYG-72-J.Eluemunor, Offensive Holding, declined.",NYG,NO,2.0,18.0,50.0,4.0,663.0,-12.0,pass,J.Dart,W.Robinson,middle,24.0,,,0.0,1.0,0.0,0.0,0.0,0.0,-0.9634500064421445,-41.09775722026825,0.941690981388092,Deep [20+),39
3638.0,2025_05_NYG_NO,5,(10:56) (Shotgun) 6-J.Dart pass short middle to 17-W.Robinson to NO 38 for 12 yards (56-D.Davis).,NYG,NO,3.0,18.0,50.0,4.0,656.0,-12.0,pass,J.Dart,W.Robinson,middle,12.0,0.0,12.0,1.0,0.0,0.0,0.0,0.0,0.0,-0.6156417322345078,28.5258948802948,0.986799418926239,Intermediate [10-20),39
3663.0,2025_05_NYG_NO,5,(10:06) (Shotgun) 6-J.Dart pass deep right intended for 13-J.Hyatt INTERCEPTED by 4-K.McKinstry [20-P.Werner] at NO 5. 4-K.McKinstry pushed ob at NO 5 for no gain (13-J.Hyatt).,NYG,NO,4.0,6.0,38.0,4.0,606.0,-12.0,pass,J.Dart,J.Hyatt,right,33.0,,,0.0,0.0,0.0,1.0,0.0,0.0,-0.5687339992728084,-23.643971979618073,0.9839275479316711,Deep [20+),39
3855.0,2025_05_NYG_NO,5,(6:30) (Shotgun) 6-J.Dart pass incomplete deep left to 13-J.Hyatt.,NYG,NO,1.0,10.0,64.0,4.0,390.0,-12.0,pass,J.Dart,J.Hyatt,left,41.0,,,0.0,1.0,0.0,0.0,0.0,0.0,-0.4665398949291557,-35.09474992752075,0.9032738208770752,Deep [20+),39
3885.0,2025_05_NYG_NO,5,(6:24) (Shotgun) 6-J.Dart pass short right to 81-B.Collins to NYG 43 for 7 yards (4-K.McKinstry; 20-P.Werner).,NYG,NO,2.0,10.0,64.0,4.0,384.0,-12.0,pass,J.Dart,B.Collins,right,5.0,2.0,7.0,1.0,0.0,0.0,0.0,0.0,0.0,0.02266825968399644,20.53016424179077,0.9211655855178833,Short [0-10),39
3910.0,2025_05_NYG_NO,5,"(5:58) (No Huddle, Shotgun) 6-J.Dart pass incomplete short middle to 81-B.Collins [96-C.Granderson].",NYG,NO,3.0,3.0,57.0,4.0,358.0,-12.0,pass,J.Dart,B.Collins,middle,3.0,,,0.0,1.0,0.0,0.0,0.0,0.0,-1.7328446255996823,-54.68068718910217,0.9481965899467468,Short [0-10),39
3989.0,2025_05_NYG_NO,5,(5:18) (Shotgun) 6-J.Dart pass incomplete deep left to 13-J.Hyatt (29-Q.Riley).,NYG,NO,1.0,20.0,61.0,4.0,318.0,-12.0,pass,J.Dart,J.Hyatt,left,39.0,,,0.0,1.0,0.0,0.0,0.0,0.0,-0.5270585075486451,-30.494824051856995,0.9582914113998413,Deep [20+),39
4012.0,2025_05_NYG_NO,5,(5:11) (Shotgun) 6-J.Dart pass short right intended for 81-B.Collins INTERCEPTED by 4-K.McKinstry at NYG 45. 4-K.McKinstry to NYG 45 for no gain (81-B.Collins).,NYG,NO,2.0,20.0,61.0,4.0,311.0,-12.0,pass,J.Dart,B.Collins,right,6.0,,,0.0,0.0,0.0,1.0,0.0,0.0,-4.355329738231376,-81.54674768447876,0.9720020294189453,Short [0-10),39
4298.0,2025_05_NYG_NO,5,(1:52) (Shotgun) 6-J.Dart pass short right to 84-T.Johnson to NO 48 for 1 yard (1-A.Taylor).,NYG,NO,1.0,10.0,49.0,4.0,112.0,-12.0,pass,J.Dart,T.Johnson,right,-1.0,2.0,1.0,1.0,0.0,0.0,0.0,0.0,0.0,-0.6428327284520492,11.348438262939453,0.9859604835510254,Behind LOS,39
4323.0,2025_05_NYG_NO,5,"(1:25) (No Huddle, Shotgun) 6-J.Dart pass short right to 84-T.Johnson pushed ob at NO 33 for 15 yards (20-P.Werner).",NYG,NO,2.0,9.0,48.0,4.0,85.0,-12.0,pass,J.Dart,T.Johnson,right,13.0,2.0,15.0,1.0,0.0,0.0,0.0,0.0,1.0,1.3432721194112673,35.003793239593506,0.990264892578125,Intermediate [10-20),39
4353.0,2025_05_NYG_NO,5,(1:20) (Shotgun) 6-J.Dart pass short right to 44-C.Skattebo to NO 18 for 15 yards (31-J.Howden).,NYG,NO,1.0,10.0,33.0,4.0,80.0,-12.0,pass,J.Dart,C.Skattebo,right,1.0,14.0,15.0,1.0,0.0,0.0,0.0,0.0,1.0,1.0808449069154449,16.8229877948761,0.9853447079658508,Short [0-10),39
4401.0,2025_05_NYG_NO,5,(1:01) (Shotgun) 6-J.Dart pass short left to 44-C.Skattebo pushed ob at NO 17 for 1 yard (1-A.Taylor).,NYG,NO,2.0,10.0,18.0,4.0,61.0,-12.0,pass,J.Dart,C.Skattebo,left,-4.0,5.0,1.0,1.0,0.0,0.0,0.0,0.0,0.0,-0.7178894848329946,11.882156133651733,0.9895449280738831,Behind LOS,39
4431.0,2025_05_NYG_NO,5,(:54) (Shotgun) 6-J.Dart pass incomplete deep left to 84-T.Johnson (4-K.McKinstry).,NYG,NO,3.0,9.0,17.0,4.0,54.0,-12.0,pass,J.Dart,T.Johnson,left,17.0,,,0.0,1.0,0.0,0.0,0.0,0.0,-1.1306857710587792,-33.637839555740356,0.9891431927680969,Intermediate [10-20),39
4509.0,2025_05_NYG_NO,5,(:49) (Shotgun) 6-J.Dart pass incomplete short right to 17-W.Robinson.,NYG,NO,4.0,9.0,17.0,4.0,49.0,-12.0,pass,J.Dart,W.Robinson,right,11.0,,,0.0,1.0,0.0,0.0,0.0,0.0,-2.220752335852012,-46.51387333869934,0.9935374855995178,Intermediate [10-20),39
263.0,2025_06_PHI_NYG,6,"(11:19) (No Huddle, Shotgun) 6-J.Dart pass incomplete short middle to 84-T.Johnson.",NYG,PHI,2.0,7.0,51.0,1.0,3379.0,-3.0,pass,J.Dart,T.Johnson,middle,9.0,,,0.0,1.0,0.0,0.0,0.0,0.0,-0.8635262248571962,-73.27435612678528,0.6158784031867981,Short [0-10),25
310.0,2025_06_PHI_NYG,6,(11:14) (Shotgun) 6-J.Dart pass deep right to 89-L.Humphrey to PHI 22 for 34 yards (7-K.Ringo).,NYG,PHI,3.0,12.0,56.0,1.0,3374.0,-3.0,pass,J.Dart,L.Humphrey,right,34.0,0.0,34.0,1.0,0.0,0.0,0.0,0.0,1.0,3.898928413866088,70.35927772521973,0.9737713932991028,Deep [20+),25
357.0,2025_06_PHI_NYG,6,(10:13) (No Huddle) 6-J.Dart pass incomplete short left to 17-W.Robinson.,NYG,PHI,2.0,8.0,20.0,1.0,3313.0,-3.0,pass,J.Dart,W.Robinson,left,13.0,,,0.0,1.0,0.0,0.0,0.0,0.0,-0.6633157760370523,-53.58010530471802,0.6760386824607849,Intermediate [10-20),25
578.0,2025_06_PHI_NYG,6,"(7:05) (No Huddle, Shotgun) 6-J.Dart pass deep left to 17-W.Robinson to PHI 36 for 26 yards (53-Z.Baun).",NYG,PHI,2.0,6.0,62.0,1.0,3125.0,4.0,pass,J.Dart,W.Robinson,left,20.0,6.0,26.0,1.0,0.0,0.0,0.0,0.0,1.0,1.9733940025325865,53.43215465545654,0.5910916924476624,Deep [20+),25
625.0,2025_06_PHI_NYG,6,"(5:49) (No Huddle, Shotgun) 6-J.Dart pass short right to 17-W.Robinson for 35 yards, TOUCHDOWN.",NYG,PHI,2.0,9.0,35.0,1.0,3049.0,4.0,pass,J.Dart,W.Robinson,right,12.0,23.0,35.0,1.0,0.0,0.0,0.0,1.0,1.0,3.6739375294419006,37.582236528396606,0.6774147152900696,Intermediate [10-20),25
943.0,2025_06_PHI_NYG,6,(1:44) (Shotgun) 6-J.Dart pass short middle to 17-W.Robinson to NYG 23 for no gain (27-Q.Mitchell; 48-P.Johnson).,NYG,PHI,1.0,10.0,77.0,1.0,2804.0,3.0,pass,J.Dart,W.Robinson,middle,-5.0,5.0,0.0,1.0,0.0,0.0,0.0,0.0,0.0,-0.6205036728642881,20.823150873184204,0.4136873483657837,Behind LOS,25
993.0,2025_06_PHI_NYG,6,(:15) (Shotgun) 6-J.Dart pass short right to 89-L.Humphrey to NYG 29 for 6 yards (53-Z.Baun).,NYG,PHI,3.0,10.0,77.0,1.0,2715.0,3.0,pass,J.Dart,L.Humphrey,right,5.0,1.0,6.0,1.0,0.0,0.0,0.0,0.0,0.0,-0.4732566047459841,28.50903868675232,0.9724665284156799,Short [0-10),25
1499.0,2025_06_PHI_NYG,6,(5:39) (Shotgun) 6-J.Dart pass short left to 89-L.Humphrey to NYG 46 for 9 yards (7-K.Ringo).,NYG,PHI,3.0,6.0,63.0,2.0,2139.0,-4.0,pass,J.Dart,L.Humphrey,left,8.0,1.0,9.0,1.0,0.0,0.0,0.0,0.0,1.0,1.615686015225947,37.83264756202698,0.9799904823303223,Short [0-10),25
1578.0,2025_06_PHI_NYG,6,"(4:09) (No Huddle, Shotgun) 6-J.Dart pass short right to 17-W.Robinson pushed ob at PHI 38 for 1 yard (24-A.Mukuba).",NYG,PHI,1.0,10.0,39.0,2.0,2049.0,-4.0,pass,J.Dart,W.Robinson,right,-4.0,5.0,1.0,1.0,0.0,0.0,0.0,0.0,0.0,-0.6175610012141988,12.216031551361084,0.5219340920448303,Behind LOS,25
1608.0,2025_06_PHI_NYG,6,"(3:26) (No Huddle, Shotgun) 6-J.Dart pass short right to 84-T.Johnson to PHI 33 for 5 yards (32-R.Blankenship).",NYG,PHI,2.0,9.0,38.0,2.0,2006.0,-4.0,pass,J.Dart,T.Johnson,right,3.0,2.0,5.0,1.0,0.0,0.0,0.0,0.0,0.0,0.3016476503107697,22.316592931747437,0.7551764249801636,Short [0-10),25
1633.0,2025_06_PHI_NYG,6,"(2:46) (No Huddle, Shotgun) 6-J.Dart pass short right to 13-J.Hyatt to PHI 28 for 5 yards (8-A.Jackson).",NYG,PHI,3.0,4.0,33.0,2.0,1966.0,-4.0,pass,J.Dart,J.Hyatt,right,5.0,0.0,5.0,1.0,0.0,0.0,0.0,0.0,1.0,0.7776138189365156,30.68440556526184,0.9127498269081116,Short [0-10),25
1658.0,2025_06_PHI_NYG,6,"(2:19) (No Huddle, Shotgun) 6-J.Dart pass short right to 13-J.Hyatt pushed ob at PHI 22 for 6 yards (8-A.Jackson).",NYG,PHI,1.0,10.0,28.0,2.0,1939.0,-4.0,pass,J.Dart,J.Hyatt,right,5.0,1.0,6.0,1.0,0.0,0.0,0.0,0.0,0.0,0.5870021304581314,24.483543634414673,0.4952373802661896,Short [0-10),25
1802.0,2025_06_PHI_NYG,6,(1:27) 6-J.Dart pass incomplete short left to 89-L.Humphrey (24-A.Mukuba).,NYG,PHI,1.0,4.0,4.0,2.0,1887.0,-4.0,pass,J.Dart,L.Humphrey,left,4.0,,,0.0,1.0,0.0,0.0,0.0,0.0,-0.5286999195814133,-43.874767422676086,0.42212605476379395,Short [0-10),25
2121.0,2025_06_PHI_NYG,6,(14:55) (Shotgun) 6-J.Dart pass short left to 44-C.Skattebo to NYG 33 for 4 yards (7-K.Ringo).,NYG,PHI,1.0,10.0,71.0,3.0,1795.0,3.0,pass,J.Dart,C.Skattebo,left,-4.0,8.0,4.0,1.0,0.0,0.0,0.0,0.0,0.0,-0.17257486190646887,11.793893575668335,0.38743847608566284,Behind LOS,25
2168.0,2025_06_PHI_NYG,6,"(13:55) (No Huddle, Shotgun) 6-J.Dart pass incomplete short middle to 84-T.Johnson (8-A.Jackson).",NYG,PHI,3.0,2.0,63.0,3.0,1735.0,3.0,pass,J.Dart,T.Johnson,middle,15.0,,,0.0,1.0,0.0,0.0,0.0,0.0,-1.8285035258159041,-65.96517562866211,0.7117990255355835,Intermediate [10-20),25
2340.0,2025_06_PHI_NYG,6,(12:08) (Shotgun) 6-J.Dart pass short right to 89-L.Humphrey to 50 for 6 yards (8-A.Jackson).,NYG,PHI,1.0,10.0,56.0,3.0,1628.0,3.0,pass,J.Dart,L.Humphrey,right,6.0,0.0,6.0,1.0,0.0,0.0,0.0,0.0,0.0,0.21946988836862147,23.706895112991333,0.4120003879070282,Short [0-10),25
2535.0,2025_06_PHI_NYG,6,"(8:47) (No Huddle, Shotgun) 6-J.Dart pass incomplete short left to 89-L.Humphrey.",NYG,PHI,1.0,10.0,13.0,3.0,1427.0,3.0,pass,J.Dart,L.Humphrey,left,13.0,,,0.0,1.0,0.0,0.0,0.0,0.0,-0.46019569016061723,-39.09939229488373,0.3304157555103302,Intermediate [10-20),25
2874.0,2025_06_PHI_NYG,6,(5:25) (Shotgun) 6-J.Dart pass short right to 13-J.Hyatt pushed ob at NYG 16 for 6 yards (8-A.Jackson).,NYG,PHI,1.0,10.0,90.0,3.0,1225.0,10.0,pass,J.Dart,J.Hyatt,right,5.0,1.0,6.0,1.0,0.0,0.0,0.0,0.0,0.0,0.2323274165391922,23.028230667114258,0.3654693067073822,Short [0-10),25
2936.0,2025_06_PHI_NYG,6,(4:17) (Shotgun) 6-J.Dart pass short middle to 17-W.Robinson to NYG 33 for 15 yards (39-M.Epps).,NYG,PHI,3.0,2.0,82.0,3.0,1157.0,10.0,pass,J.Dart,W.Robinson,middle,9.0,6.0,15.0,1.0,0.0,0.0,0.0,0.0,1.0,1.8481096755713224,29.496395587921143,0.7596321702003479,Short [0-10),25
2961.0,2025_06_PHI_NYG,6,"(3:43) (No Huddle, Shotgun) 6-J.Dart pass short left to 17-W.Robinson ran ob at NYG 40 for 7 yards (39-M.Epps).",NYG,PHI,1.0,10.0,67.0,3.0,1123.0,10.0,pass,J.Dart,W.Robinson,left,4.0,3.0,7.0,1.0,0.0,0.0,0.0,0.0,0.0,0.29653080832213163,21.913903951644897,0.45377734303474426,Short [0-10),25
2996.0,2025_06_PHI_NYG,6,"(3:18) (No Huddle, Shotgun) 6-J.Dart pass incomplete deep left to 89-L.Humphrey.",NYG,PHI,2.0,3.0,60.0,3.0,1098.0,10.0,pass,J.Dart,L.Humphrey,left,40.0,,,0.0,1.0,0.0,0.0,0.0,0.0,-0.7961866576224566,-28.17108929157257,0.315593957901001,Deep [20+),25
3043.0,2025_06_PHI_NYG,6,(3:12) (Shotgun) 6-J.Dart pass short right to 84-T.Johnson to PHI 43 for 22 yards (8-A.Jackson; 24-A.Mukuba) [58-J.Hunt]. ** Injury Update: PHI-32-R.Blankenship has returned to the game.,NYG,PHI,3.0,8.0,65.0,3.0,1092.0,10.0,pass,J.Dart,T.Johnson,right,12.0,10.0,22.0,1.0,0.0,0.0,0.0,0.0,1.0,2.63465219642967,61.013150215148926,0.9782832860946655,Intermediate [10-20),25
3326.0,2025_06_PHI_NYG,6,(13:13) (Shotgun) 6-J.Dart pass incomplete short right to 13-J.Hyatt (8-A.Jackson).,NYG,PHI,2.0,8.0,64.0,4.0,793.0,10.0,pass,J.Dart,J.Hyatt,right,8.0,,,0.0,1.0,0.0,0.0,0.0,0.0,-0.7797869006171823,-65.31327366828918,0.6887412667274475,Short [0-10),25
3364.0,2025_06_PHI_NYG,6,(13:07) (Shotgun) 6-J.Dart pass incomplete short right to 89-L.Humphrey (95-T.Robinson).,NYG,PHI,3.0,8.0,64.0,4.0,787.0,10.0,pass,J.Dart,L.Humphrey,right,8.0,,,0.0,1.0,0.0,0.0,0.0,0.0,-1.3544690534472466,-58.02682042121887,0.971936821937561,Short [0-10),25
4068.0,2025_06_PHI_NYG,6,"(5:05) 6-J.Dart pass short right to 44-C.Skattebo pushed ob at PHI 33 for 8 yards (24-A.Mukuba). PENALTY on NYG-44-C.Skattebo, Taunting, 15 yards, enforced between downs.",NYG,PHI,3.0,5.0,41.0,4.0,305.0,17.0,pass,J.Dart,C.Skattebo,right,4.0,4.0,8.0,1.0,0.0,0.0,0.0,0.0,1.0,0.25348948704777285,28.84213924407959,0.6106624007225037,Short [0-10),25
100.0,2025_07_NYG_DEN,7,"(13:59) (Shotgun) 6-J.Dart pass short right to 82-D.Bellinger pushed ob at DEN 43 for 15 yards (57-D.Greenlaw; 22-B.Jones). Penalty on DEN-0-J.Cooper, Defensive Offside, declined.",NYG,DEN,3.0,3.0,58.0,1.0,3539.0,0.0,pass,J.Dart,D.Bellinger,right,1.0,14.0,15.0,1.0,0.0,0.0,0.0,0.0,1.0,1.9049229917582124,24.98694658279419,0.8886783123016357,Short [0-10),33
158.0,2025_07_NYG_DEN,7,"(12:59) (No Huddle, Shotgun) 6-J.Dart pass incomplete short left to 84-T.Johnson [99-Z.Allen].",NYG,DEN,2.0,8.0,41.0,1.0,3479.0,0.0,pass,J.Dart,T.Johnson,left,-3.0,,,0.0,1.0,0.0,0.0,0.0,0.0,-0.8734775218181312,-60.81404685974121,0.65024334192276,Behind LOS,33
181.0,2025_07_NYG_DEN,7,(12:55) (Shotgun) 6-J.Dart pass incomplete short left to 17-W.Robinson (99-Z.Allen).,NYG,DEN,3.0,8.0,41.0,1.0,3475.0,0.0,pass,J.Dart,W.Robinson,left,-5.0,,,0.0,1.0,0.0,0.0,0.0,0.0,-1.9926154571585357,-85.69703698158264,0.9777976274490356,Behind LOS,33
328.0,2025_07_NYG_DEN,7,(12:23) (Shotgun) 6-J.Dart pass short right to 44-C.Skattebo to NYG 40 for 8 yards (57-D.Greenlaw; 22-B.Jones). ** Injury Update: NYG-82-D.Bellinger has returned to the game.,NYG,DEN,1.0,10.0,68.0,1.0,3443.0,0.0,pass,J.Dart,C.Skattebo,right,-5.0,13.0,8.0,1.0,0.0,0.0,0.0,0.0,0.0,0.5053603502456099,12.824219465255737,0.4386636018753052,Behind LOS,33
382.0,2025_07_NYG_DEN,7,(11:19) (Shotgun) 6-J.Dart pass incomplete short left to 44-C.Skattebo.,NYG,DEN,3.0,2.0,60.0,1.0,3379.0,0.0,pass,J.Dart,C.Skattebo,left,-2.0,,,0.0,1.0,0.0,0.0,0.0,0.0,-1.716545197647065,-85.37250757217407,0.7450973987579346,Behind LOS,33
579.0,2025_07_NYG_DEN,7,(8:25) (Shotgun) 6-J.Dart pass incomplete short right to 84-T.Johnson.,NYG,DEN,1.0,10.0,77.0,1.0,3205.0,0.0,pass,J.Dart,T.Johnson,right,2.0,,,0.0,1.0,0.0,0.0,0.0,0.0,-0.5623856303282082,-80.45307397842407,0.4565356969833374,Short [0-10),33
609.0,2025_07_NYG_DEN,7,(8:21) (Shotgun) 6-J.Dart pass deep middle to 17-W.Robinson to NYG 46 for 23 yards (9-T.Hufanga) [15-N.Bonitto].,NYG,DEN,2.0,10.0,77.0,1.0,3201.0,0.0,pass,J.Dart,W.Robinson,middle,21.0,2.0,23.0,1.0,0.0,0.0,0.0,0.0,1.0,2.2821822692640126,51.98844373226166,0.5116785168647766,Deep [20+),33
668.0,2025_07_NYG_DEN,7,(7:35) (Shotgun) 6-J.Dart pass incomplete short middle to 89-L.Humphrey [57-D.Greenlaw].,NYG,DEN,1.0,5.0,49.0,1.0,3155.0,0.0,pass,J.Dart,L.Humphrey,middle,3.0,,,0.0,1.0,0.0,0.0,0.0,0.0,-0.5190103817731142,-58.12374949455261,0.42903539538383484,Short [0-10),33
728.0,2025_07_NYG_DEN,7,"(7:03) 6-J.Dart pass deep right to 82-D.Bellinger for 44 yards, TOUCHDOWN.",NYG,DEN,1.0,10.0,44.0,1.0,3123.0,0.0,pass,J.Dart,D.Bellinger,right,42.0,2.0,44.0,1.0,0.0,0.0,0.0,1.0,1.0,4.111393528291956,72.21260070800781,0.46333834528923035,Deep [20+),33
1058.0,2025_07_NYG_DEN,7,"(1:19) (No Huddle, Shotgun) 6-J.Dart pass incomplete short right to 84-T.Johnson.",NYG,DEN,2.0,9.0,72.0,1.0,2779.0,7.0,pass,J.Dart,T.Johnson,right,5.0,,,0.0,1.0,0.0,0.0,0.0,0.0,-0.7281318826135248,-76.24399662017822,0.6809272170066833,Short [0-10),33
1081.0,2025_07_NYG_DEN,7,(1:15) (Shotgun) 6-J.Dart pass incomplete short left to 17-W.Robinson.,NYG,DEN,3.0,9.0,72.0,1.0,2775.0,7.0,pass,J.Dart,W.Robinson,left,4.0,,,0.0,1.0,0.0,0.0,0.0,0.0,-1.3603074694983661,-71.84051275253296,0.980005145072937,Short [0-10),33
1251.0,2025_07_NYG_DEN,7,(14:45) (Shotgun) 6-J.Dart pass deep right to 17-W.Robinson ran ob at NYG 36 for 18 yards.,NYG,DEN,1.0,10.0,82.0,2.0,2685.0,7.0,pass,J.Dart,W.Robinson,right,16.0,2.0,18.0,1.0,0.0,0.0,0.0,0.0,1.0,1.2451928269583732,39.5916223526001,0.45056071877479553,Intermediate [10-20),33
1281.0,2025_07_NYG_DEN,7,"(14:10) (No Huddle, Shotgun) 6-J.Dart pass short right to 44-C.Skattebo to NYG 49 for 13 yards (57-D.Greenlaw).",NYG,DEN,1.0,10.0,64.0,2.0,2650.0,7.0,pass,J.Dart,C.Skattebo,right,2.0,11.0,13.0,1.0,0.0,0.0,0.0,0.0,1.0,0.8105429019778967,19.833797216415405,0.46709445118904114,Short [0-10),33
1306.0,2025_07_NYG_DEN,7,"(13:24) (No Huddle, Shotgun) 6-J.Dart pass deep right to 82-D.Bellinger to DEN 22 for 29 yards (9-T.Hufanga).",NYG,DEN,1.0,10.0,51.0,2.0,2604.0,7.0,pass,J.Dart,D.Bellinger,right,21.0,8.0,29.0,1.0,0.0,0.0,0.0,0.0,1.0,1.8667964529013261,50.690215826034546,0.4578093886375427,Deep [20+),33
1353.0,2025_07_NYG_DEN,7,"(12:16) (No Huddle, Shotgun) 6-J.Dart pass incomplete deep right to 82-D.Bellinger.",NYG,DEN,2.0,6.0,18.0,2.0,2536.0,7.0,pass,J.Dart,D.Bellinger,right,18.0,,,0.0,1.0,0.0,0.0,0.0,0.0,-0.6958195589249954,-33.837294578552246,0.5886340737342834,Intermediate [10-20),33
1523.0,2025_07_NYG_DEN,7,"(8:54) (Shotgun) 6-J.Dart pass short middle to 44-C.Skattebo for 13 yards, TOUCHDOWN.",NYG,DEN,3.0,11.0,13.0,2.0,2334.0,7.0,pass,J.Dart,C.Skattebo,middle,-4.0,17.0,13.0,1.0,0.0,0.0,0.0,1.0,1.0,3.546711633913219,20.874321460723877,0.9636992812156677,Behind LOS,33
2087.0,2025_07_NYG_DEN,7,(1:22) (Shotgun) 6-J.Dart pass incomplete short left to 44-C.Skattebo.,NYG,DEN,1.0,10.0,70.0,2.0,1882.0,13.0,pass,J.Dart,C.Skattebo,left,0.0,,,0.0,1.0,0.0,0.0,0.0,0.0,-0.22567330254241824,-74.62424039840698,0.7167233824729919,Short [0-10),33
2117.0,2025_07_NYG_DEN,7,(1:20) (Shotgun) 6-J.Dart pass short left to 84-T.Johnson to NYG 36 for 6 yards (49-A.Singleton).,NYG,DEN,2.0,10.0,70.0,2.0,1880.0,13.0,pass,J.Dart,T.Johnson,left,6.0,0.0,6.0,1.0,0.0,0.0,0.0,0.0,0.0,-0.3732451421674341,24.182510375976562,0.7695484757423401,Short [0-10),33
2142.0,2025_07_NYG_DEN,7,(1:14) (Shotgun) 6-J.Dart pass incomplete short right to 17-W.Robinson [40-J.Strnad].,NYG,DEN,3.0,4.0,64.0,2.0,1874.0,13.0,pass,J.Dart,W.Robinson,right,9.0,,,0.0,1.0,0.0,0.0,0.0,0.0,-0.3722406163578853,-39.552995562553406,0.7434762120246887,Short [0-10),33
2581.0,2025_07_NYG_DEN,7,"(10:58) (No Huddle, Shotgun) 6-J.Dart pass short right to 84-T.Johnson to NYG 40 for 19 yards (22-B.Jones).",NYG,DEN,3.0,4.0,79.0,3.0,1558.0,13.0,pass,J.Dart,T.Johnson,right,5.0,14.0,19.0,1.0,0.0,0.0,0.0,0.0,1.0,2.319921139627695,31.90593123435974,0.9423447847366333,Short [0-10),33
2628.0,2025_07_NYG_DEN,7,"(9:43) (No Huddle, Shotgun) 6-J.Dart pass incomplete short middle to 17-W.Robinson (9-T.Hufanga).",NYG,DEN,2.0,7.0,57.0,3.0,1483.0,13.0,pass,J.Dart,W.Robinson,middle,7.0,,,0.0,1.0,0.0,0.0,0.0,0.0,-0.8591458562295884,-72.09335565567017,0.6577269434928894,Short [0-10),33
2692.0,2025_07_NYG_DEN,7,"(9:17) (Shotgun) 6-J.Dart pass short middle to 17-W.Robinson to DEN 49 for 13 yards (21-R.Moss). PENALTY on DEN-21-R.Moss, Face Mask, 15 yards, enforced at DEN 49.",NYG,DEN,3.0,12.0,62.0,3.0,1457.0,13.0,pass,J.Dart,W.Robinson,middle,-1.0,14.0,13.0,1.0,0.0,0.0,0.0,0.0,1.0,3.58919349568896,17.28197932243347,0.9552119970321655,Behind LOS,33
2768.0,2025_07_NYG_DEN,7,(7:13) (Shotgun) 6-J.Dart pass incomplete short middle to 44-C.Skattebo (99-Z.Allen).,NYG,DEN,3.0,18.0,42.0,3.0,1333.0,13.0,pass,J.Dart,C.Skattebo,middle,-5.0,,,0.0,1.0,0.0,0.0,0.0,0.0,-1.4524955477099866,-81.98927640914917,0.9314587712287903,Behind LOS,33
3003.0,2025_07_NYG_DEN,7,(4:24) (Shotgun) 6-J.Dart pass short left to 17-W.Robinson to DEN 38 for 8 yards (29-J.McMillian).,NYG,DEN,2.0,10.0,46.0,3.0,1164.0,13.0,pass,J.Dart,W.Robinson,left,-3.0,11.0,8.0,1.0,0.0,0.0,0.0,0.0,0.0,0.21575444494374096,12.441450357437134,0.583991527557373,Behind LOS,33
3436.0,2025_07_NYG_DEN,7,(13:19) (Shotgun) 6-J.Dart pass short middle to 17-W.Robinson to NYG 48 for 14 yards (29-J.McMillian).,NYG,DEN,2.0,9.0,66.0,4.0,799.0,11.0,pass,J.Dart,W.Robinson,middle,4.0,10.0,14.0,1.0,0.0,0.0,0.0,0.0,1.0,1.5494764000177383,20.356768369674683,0.6916056871414185,Short [0-10),33
3556.0,2025_07_NYG_DEN,7,"(10:22) (Shotgun) 6-J.Dart pass short middle to 84-T.Johnson for 41 yards, TOUCHDOWN.",NYG,DEN,3.0,17.0,41.0,4.0,622.0,11.0,pass,J.Dart,T.Johnson,middle,12.0,29.0,41.0,1.0,0.0,0.0,0.0,1.0,1.0,6.038622523890808,33.02077651023865,0.9119919538497925,Intermediate [10-20),33
4127.0,2025_07_NYG_DEN,7,(4:56) (Shotgun) 6-J.Dart pass short middle intended for 84-T.Johnson INTERCEPTED by 40-J.Strnad at NYG 40. 40-J.Strnad to NYG 19 for 21 yards (72-J.Eluemunor).,NYG,DEN,3.0,5.0,65.0,4.0,296.0,10.0,pass,J.Dart,T.Johnson,middle,5.0,,,0.0,0.0,0.0,1.0,0.0,0.0,-4.600382211909164,-70.50535082817078,0.8473659753799438,Short [0-10),33
4375.0,2025_07_NYG_DEN,7,(2:56) (Shotgun) 6-J.Dart pass incomplete deep left to 17-W.Robinson.,NYG,DEN,3.0,8.0,70.0,4.0,176.0,3.0,pass,J.Dart,W.Robinson,left,28.0,,,0.0,1.0,0.0,0.0,0.0,0.0,-0.7066994241904467,-32.090845704078674,0.8903613686561584,Deep [20+),33
4647.0,2025_07_NYG_DEN,7,"(1:21) (No Huddle, Shotgun) 6-J.Dart pass incomplete deep middle to 13-J.Hyatt.",NYG,DEN,2.0,14.0,69.0,4.0,81.0,-4.0,pass,J.Dart,J.Hyatt,middle,49.0,,,0.0,1.0,0.0,0.0,0.0,0.0,-0.23911200708243996,-27.475017309188843,0.9776161909103394,Deep [20+),33
4694.0,2025_07_NYG_DEN,7,"(1:14) (Shotgun) 6-J.Dart pass incomplete deep right to 17-W.Robinson (29-J.McMillian, 2-P.Surtain).",NYG,DEN,3.0,19.0,74.0,4.0,74.0,-4.0,pass,J.Dart,W.Robinson,right,29.0,,,0.0,1.0,0.0,0.0,0.0,0.0,-0.29538394801784307,-32.01395869255066,0.9340925812721252,Deep [20+),33
4717.0,2025_07_NYG_DEN,7,"(1:08) (Shotgun) 6-J.Dart pass deep left to 17-W.Robinson to NYG 45 for 19 yards (29-J.McMillian). PENALTY on DEN-98-J.Franklin-Myers, Roughing the Passer, 15 yards, enforced at NYG 45.",NYG,DEN,4.0,19.0,74.0,4.0,68.0,-4.0,pass,J.Dart,W.Robinson,left,19.0,0.0,19.0,1.0,0.0,0.0,0.0,0.0,1.0,1.9629695719922893,59.7214937210083,0.9852293133735657,Intermediate [10-20),33
4757.0,2025_07_NYG_DEN,7,"(1:01) (Shotgun) 6-J.Dart pass incomplete deep middle to 81-B.Collins (22-B.Jones, 9-T.Hufanga). DEN-22-B.Jones was injured during the play.",NYG,DEN,1.0,10.0,40.0,4.0,61.0,-4.0,pass,J.Dart,B.Collins,middle,37.0,,,0.0,1.0,0.0,0.0,0.0,0.0,-0.277747833810281,-34.00309979915619,0.9638879895210266,Deep [20+),33
4783.0,2025_07_NYG_DEN,7,(:55) (Shotgun) 6-J.Dart pass incomplete deep right to 89-L.Humphrey.,NYG,DEN,2.0,10.0,40.0,4.0,55.0,-4.0,pass,J.Dart,L.Humphrey,right,25.0,,,0.0,1.0,0.0,0.0,0.0,0.0,-0.349795583402738,-35.43718457221985,0.9674102663993835,Deep [20+),33
244.0,2025_08_NYG_PHI,8,(12:59) (Shotgun) 6-J.Dart pass short right to 84-T.Johnson to NYG 30 for -1 yards (53-Z.Baun).,NYG,PHI,3.0,10.0,69.0,1.0,3479.0,-7.0,pass,J.Dart,T.Johnson,right,-2.0,1.0,-1.0,1.0,0.0,0.0,0.0,0.0,0.0,-1.3946007010526955,14.01023268699646,0.973803699016571,Behind LOS,24
643.0,2025_08_NYG_PHI,8,"(3:33) (No Huddle, Shotgun) 6-J.Dart pass short left to 18-D.Slayton pushed ob at PHI 18 for 19 yards (17-N.Dean).",NYG,PHI,2.0,5.0,37.0,1.0,2913.0,-7.0,pass,J.Dart,D.Slayton,left,6.0,13.0,19.0,1.0,0.0,0.0,0.0,0.0,1.0,1.6558847754495218,26.53757929801941,0.48999372124671936,Short [0-10),24
673.0,2025_08_NYG_PHI,8,"(3:01) (No Huddle, Shotgun) 6-J.Dart pass short left to 44-C.Skattebo for 18 yards, TOUCHDOWN.",NYG,PHI,1.0,10.0,18.0,1.0,2881.0,-7.0,pass,J.Dart,C.Skattebo,left,11.0,7.0,18.0,1.0,0.0,0.0,0.0,1.0,1.0,2.2638087609084323,52.65815854072571,0.42152538895606995,Intermediate [10-20),24
1223.0,2025_08_NYG_PHI,8,(10:56) (Shotgun) 6-J.Dart pass short left to 18-D.Slayton to NYG 39 for 7 yards (32-R.Blankenship).,NYG,PHI,2.0,9.0,68.0,2.0,2456.0,-7.0,pass,J.Dart,D.Slayton,left,7.0,0.0,7.0,1.0,0.0,0.0,0.0,0.0,0.0,0.28932096902281046,29.130685329437256,0.744821310043335,Short [0-10),24
1248.0,2025_08_NYG_PHI,8,(10:13) (Shotgun) 6-J.Dart pass short right to 29-T.Tracy pushed ob at NYG 48 for 9 yards (53-Z.Baun).,NYG,PHI,3.0,2.0,61.0,2.0,2413.0,-7.0,pass,J.Dart,T.Tracy,right,-1.0,10.0,9.0,1.0,0.0,0.0,0.0,0.0,1.0,1.2974137691780925,16.296076774597168,0.7193638682365417,Behind LOS,24
1357.0,2025_08_NYG_PHI,8,(8:11) (Shotgun) 6-J.Dart pass incomplete short middle to 44-C.Skattebo (53-Z.Baun). NYG-44-C.Skattebo was injured during the play.,NYG,PHI,2.0,16.0,58.0,2.0,2291.0,-7.0,pass,J.Dart,C.Skattebo,middle,6.0,,,0.0,1.0,0.0,0.0,0.0,0.0,-0.8386165564879775,-80.09707927703857,0.8436228036880493,Short [0-10),24
1383.0,2025_08_NYG_PHI,8,(8:07) (Shotgun) 6-J.Dart pass incomplete deep right to 18-D.Slayton (27-Q.Mitchell).,NYG,PHI,3.0,16.0,58.0,2.0,2287.0,-7.0,pass,J.Dart,D.Slayton,right,38.0,,,0.0,1.0,0.0,0.0,0.0,0.0,-1.0303323124535382,-28.382569551467896,0.9618836045265198,Deep [20+),24
1596.0,2025_08_NYG_PHI,8,"(5:02) (No Huddle, Shotgun) 6-J.Dart pass deep left to 82-D.Bellinger to PHI 33 for 21 yards (32-R.Blankenship).",NYG,PHI,1.0,10.0,54.0,2.0,2102.0,-7.0,pass,J.Dart,D.Bellinger,left,19.0,2.0,21.0,1.0,0.0,0.0,0.0,0.0,1.0,1.2729712085565552,44.42923665046692,0.5182856917381287,Intermediate [10-20),24
1663.0,2025_08_NYG_PHI,8,(3:02) (Shotgun) 6-J.Dart pass incomplete deep left to 84-T.Johnson (53-Z.Baun).,NYG,PHI,3.0,6.0,29.0,2.0,1982.0,-7.0,pass,J.Dart,T.Johnson,left,18.0,,,0.0,1.0,0.0,0.0,0.0,0.0,-0.9188814437503552,-44.78614926338196,0.9686729311943054,Intermediate [10-20),24
2091.0,2025_08_NYG_PHI,8,(14:10) (Shotgun) 6-J.Dart pass short right to 17-W.Robinson to NYG 35 for 8 yards (30-J.Campbell; 33-C.DeJean).,NYG,PHI,2.0,18.0,73.0,3.0,1750.0,-11.0,pass,J.Dart,W.Robinson,right,-1.0,9.0,8.0,1.0,0.0,0.0,0.0,0.0,0.0,0.042047820053994656,11.863577365875244,0.8263130187988281,Behind LOS,24
2116.0,2025_08_NYG_PHI,8,(13:31) (Shotgun) 6-J.Dart pass incomplete deep middle to 17-W.Robinson.,NYG,PHI,3.0,10.0,65.0,3.0,1711.0,-11.0,pass,J.Dart,W.Robinson,middle,27.0,,,0.0,1.0,0.0,0.0,0.0,0.0,-1.348279188387096,-38.860782980918884,0.9770699739456177,Deep [20+),24
2586.0,2025_08_NYG_PHI,8,(5:16) (Shotgun) 6-J.Dart pass incomplete short left to 18-D.Slayton.,NYG,PHI,2.0,8.0,63.0,3.0,1216.0,-14.0,pass,J.Dart,D.Slayton,left,5.0,,,0.0,1.0,0.0,0.0,0.0,0.0,-0.809864497743547,-75.13728141784668,0.7352988123893738,Short [0-10),24
2609.0,2025_08_NYG_PHI,8,(5:12) (Shotgun) 6-J.Dart pass short middle to 84-T.Johnson to NYG 46 for 9 yards (32-R.Blankenship).,NYG,PHI,3.0,8.0,63.0,3.0,1212.0,-14.0,pass,J.Dart,T.Johnson,middle,9.0,0.0,9.0,1.0,0.0,0.0,0.0,0.0,1.0,2.0373170506209135,32.27160573005676,0.9827257394790649,Short [0-10),24
2644.0,2025_08_NYG_PHI,8,"(4:37) (No Huddle, Shotgun) 6-J.Dart pass incomplete deep right to 18-D.Slayton.",NYG,PHI,1.0,10.0,54.0,3.0,1177.0,-14.0,pass,J.Dart,D.Slayton,right,16.0,,,0.0,1.0,0.0,0.0,0.0,0.0,-0.5234653945080936,-58.99730920791626,0.526265561580658,Intermediate [10-20),24
2713.0,2025_08_NYG_PHI,8,(3:44) (Shotgun) 6-J.Dart pass short left to 84-T.Johnson to PHI 44 for 12 yards (7-K.Ringo; 53-Z.Baun).,NYG,PHI,3.0,12.0,56.0,3.0,1124.0,-14.0,pass,J.Dart,T.Johnson,left,11.0,1.0,12.0,1.0,0.0,0.0,0.0,0.0,1.0,2.4456411751452833,44.48813796043396,0.9830223917961121,Intermediate [10-20),24
2760.0,2025_08_NYG_PHI,8,(2:31) (Shotgun) 6-J.Dart pass short left to 17-W.Robinson pushed ob at PHI 41 for 6 yards (32-R.Blankenship).,NYG,PHI,2.0,13.0,47.0,3.0,1051.0,-14.0,pass,J.Dart,W.Robinson,left,4.0,2.0,6.0,1.0,0.0,0.0,0.0,0.0,0.0,-0.042555879103019834,22.751760482788086,0.8940503597259521,Short [0-10),24
2790.0,2025_08_NYG_PHI,8,(1:53) (Shotgun) 6-J.Dart pass deep left to 26-D.Singletary to PHI 13 for 28 yards (17-N.Dean).,NYG,PHI,3.0,7.0,41.0,3.0,1013.0,-14.0,pass,J.Dart,D.Singletary,left,23.0,5.0,28.0,1.0,0.0,0.0,0.0,0.0,1.0,3.1723436070606112,63.36272656917572,0.9818516969680786,Deep [20+),24
2815.0,2025_08_NYG_PHI,8,(1:14) (Shotgun) 6-J.Dart pass incomplete short right.,NYG,PHI,1.0,10.0,13.0,3.0,974.0,-14.0,pass,J.Dart,,right,4.0,,,0.0,1.0,0.0,0.0,0.0,0.0,-0.4717213283292949,,0.4362773895263672,Short [0-10),24
2838.0,2025_08_NYG_PHI,8,"(1:08) (Shotgun) 6-J.Dart pass incomplete short left. Penalty on NYG-76-J.Runyan, Ineligible Downfield Pass, declined.",NYG,PHI,2.0,10.0,13.0,3.0,968.0,-14.0,pass,J.Dart,,left,-5.0,,,0.0,1.0,0.0,0.0,0.0,0.0,-0.7630337667651474,,0.6627293229103088,Behind LOS,24
3197.0,2025_08_NYG_PHI,8,"(10:41) (No Huddle, Shotgun) 6-J.Dart sacked at NYG 25 for -8 yards (sack split by 0-J.Uche and 30-J.Campbell). FUMBLES (0-J.Uche) [0-J.Uche], RECOVERED by PHI-90-J.Davis at NYG 29. The Replay Official reviewed the fumble ruling, and the play was REVERSED. (No Huddle, Shotgun) 6-J.Dart pass incomplete short left to 29-T.Tracy (0-J.Uche) [0-J.Uche].",NYG,PHI,2.0,10.0,67.0,4.0,641.0,-18.0,pass,J.Dart,T.Tracy,left,-3.0,,,0.0,1.0,0.0,0.0,0.0,0.0,-0.7303754575550556,-61.768972873687744,0.8338508009910583,Behind LOS,24
3566.0,2025_08_NYG_PHI,8,(5:59) (Shotgun) 6-J.Dart pass short left to 29-T.Tracy to NYG 40 for 5 yards (94-B.Young).,NYG,PHI,1.0,10.0,65.0,4.0,359.0,-25.0,pass,J.Dart,T.Tracy,left,-4.0,9.0,5.0,1.0,0.0,0.0,0.0,0.0,0.0,0.08283911179751158,12.311017513275146,0.7076210975646973,Behind LOS,24
3591.0,2025_08_NYG_PHI,8,"(5:33) (No Huddle, Shotgun) 6-J.Dart pass deep left to 17-W.Robinson pushed ob at PHI 26 for 34 yards (39-M.Epps).",NYG,PHI,2.0,5.0,60.0,4.0,333.0,-25.0,pass,J.Dart,W.Robinson,left,25.0,9.0,34.0,1.0,0.0,0.0,0.0,0.0,1.0,2.398633161559701,61.18624210357666,0.6868146657943726,Deep [20+),24
3621.0,2025_08_NYG_PHI,8,"(4:55) (No Huddle, Shotgun) 6-J.Dart pass short middle to 81-B.Collins to PHI 8 for 18 yards (39-M.Epps).",NYG,PHI,1.0,10.0,26.0,4.0,295.0,-25.0,pass,J.Dart,B.Collins,middle,14.0,4.0,18.0,1.0,0.0,0.0,0.0,0.0,1.0,1.1937806711066514,33.70632529258728,0.8088824152946472,Intermediate [10-20),24
3651.0,2025_08_NYG_PHI,8,(4:16) (Shotgun) 6-J.Dart pass incomplete short right to 81-B.Collins.,NYG,PHI,1.0,8.0,8.0,4.0,256.0,-25.0,pass,J.Dart,B.Collins,right,8.0,,,0.0,1.0,0.0,0.0,0.0,0.0,-0.5950821596197784,-36.974358558654785,0.7229212522506714,Short [0-10),24
129.0,2025_09_SF_NYG,9,"(13:27) (No Huddle, Shotgun) 6-J.Dart pass short middle to 18-D.Slayton to SF 46 for 7 yards (48-T.Bethune).",NYG,SF,1.0,10.0,53.0,1.0,3507.0,0.0,pass,J.Dart,D.Slayton,middle,5.0,2.0,7.0,1.0,0.0,0.0,0.0,0.0,0.0,0.26195852854289114,20.14341950416565,0.44043973088264465,Short [0-10),33
154.0,2025_09_SF_NYG,9,"(13:01) (No Huddle, Shotgun) 6-J.Dart pass short left to 29-T.Tracy pushed ob at SF 40 for 6 yards (48-T.Bethune).",NYG,SF,2.0,3.0,46.0,1.0,3481.0,0.0,pass,J.Dart,T.Tracy,left,-4.0,10.0,6.0,1.0,0.0,0.0,0.0,0.0,1.0,0.4409329064656049,12.281298637390137,0.37115684151649475,Behind LOS,33
228.0,2025_09_SF_NYG,9,"(11:37) (No Huddle, Shotgun) 6-J.Dart pass incomplete deep left to 84-T.Johnson.",NYG,SF,1.0,10.0,28.0,1.0,3397.0,0.0,pass,J.Dart,T.Johnson,left,16.0,,,0.0,1.0,0.0,0.0,0.0,0.0,-0.43058593361638486,-53.293102979660034,0.41736912727355957,Intermediate [10-20),33
297.0,2025_09_SF_NYG,9,"(10:58) (No Huddle, Shotgun) 6-J.Dart pass short right to 84-T.Johnson for 15 yards, TOUCHDOWN.",NYG,SF,1.0,10.0,15.0,1.0,3358.0,0.0,pass,J.Dart,T.Johnson,right,1.0,14.0,15.0,1.0,0.0,0.0,0.0,1.0,1.0,1.8047479608794674,18.961739540100098,0.37443527579307556,Short [0-10),33
693.0,2025_09_SF_NYG,9,(4:10) (Shotgun) 6-J.Dart pass short right to 17-W.Robinson to NYG 30 for -2 yards (20-U.Stout).,NYG,SF,1.0,10.0,68.0,1.0,2950.0,0.0,pass,J.Dart,W.Robinson,right,-3.0,1.0,-2.0,1.0,0.0,0.0,0.0,0.0,0.0,-0.9890559066552669,11.957746744155884,0.47987100481987,Behind LOS,33
722.0,2025_09_SF_NYG,9,"(3:38) (No Huddle, Shotgun) 6-J.Dart pass short right to 29-T.Tracy to NYG 33 for 3 yards (53-D.Winters).",NYG,SF,2.0,12.0,70.0,1.0,2918.0,0.0,pass,J.Dart,T.Tracy,right,-3.0,6.0,3.0,1.0,0.0,0.0,0.0,0.0,0.0,-0.32149285776540637,11.791592836380005,0.7857555150985718,Behind LOS,33
747.0,2025_09_SF_NYG,9,(2:55) (Shotgun) 6-J.Dart pass short left to 18-D.Slayton to NYG 40 for 7 yards (20-U.Stout).,NYG,SF,3.0,9.0,67.0,1.0,2875.0,0.0,pass,J.Dart,D.Slayton,left,7.0,0.0,7.0,1.0,0.0,0.0,0.0,0.0,0.0,-0.6548991701565683,34.89482402801514,0.9837064743041992,Short [0-10),33
1070.0,2025_09_SF_NYG,9,"(13:04) (Shotgun) 6-J.Dart pass short right to 17-W.Robinson to NYG 44 for 9 yards (2-D.Lenoir, 93-K.Davis).",NYG,SF,1.0,10.0,65.0,2.0,2584.0,-7.0,pass,J.Dart,W.Robinson,right,8.0,1.0,9.0,1.0,0.0,0.0,0.0,0.0,0.0,0.837255158694461,30.04215359687805,0.4892316162586212,Short [0-10),33
1117.0,2025_09_SF_NYG,9,(12:03) (No Huddle) 6-J.Dart pass short middle to 26-D.Singletary to SF 48 for 6 yards (93-K.Davis; 48-T.Bethune).,NYG,SF,1.0,10.0,54.0,2.0,2523.0,-7.0,pass,J.Dart,D.Singletary,middle,3.0,3.0,6.0,1.0,0.0,0.0,0.0,0.0,0.0,0.12855013576336205,18.892037868499756,0.505547821521759,Short [0-10),33
1212.0,2025_09_SF_NYG,9,(10:14) (Shotgun) 6-J.Dart pass short right to 84-T.Johnson to 50 for 7 yards (48-T.Bethune; 53-D.Winters).,NYG,SF,3.0,13.0,57.0,2.0,2414.0,-7.0,pass,J.Dart,T.Johnson,right,5.0,2.0,7.0,1.0,0.0,0.0,0.0,0.0,0.0,-0.6706027993932366,26.50829553604126,0.9798540472984314,Short [0-10),33
1479.0,2025_09_SF_NYG,9,(4:22) (Shotgun) 6-J.Dart pass short right to 17-W.Robinson to NYG 10 for 5 yards (48-T.Bethune).,NYG,SF,3.0,12.0,95.0,2.0,2062.0,-7.0,pass,J.Dart,W.Robinson,right,5.0,0.0,5.0,1.0,0.0,0.0,0.0,0.0,0.0,-0.4005864302162081,28.02019715309143,0.909331738948822,Short [0-10),33
1683.0,2025_09_SF_NYG,9,(1:50) (Shotgun) 6-J.Dart pass short middle to 17-W.Robinson to NYG 30 for 2 yards (98-M.Williams; 48-T.Bethune).,NYG,SF,1.0,10.0,72.0,2.0,1910.0,-10.0,pass,J.Dart,W.Robinson,middle,4.0,-2.0,2.0,1.0,0.0,0.0,0.0,0.0,0.0,-0.23670187743846327,18.92412304878235,0.8636054992675781,Short [0-10),33
1730.0,2025_09_SF_NYG,9,(:53) (Shotgun) 6-J.Dart pass incomplete short middle to 84-T.Johnson.,NYG,SF,3.0,7.0,69.0,2.0,1853.0,-10.0,pass,J.Dart,T.Johnson,middle,10.0,,,0.0,1.0,0.0,0.0,0.0,0.0,-0.40784386108862236,-66.86851978302002,0.8992400169372559,Intermediate [10-20),33
1860.0,2025_09_SF_NYG,9,(:29) (Shotgun) 6-J.Dart pass incomplete short right to 29-T.Tracy.,NYG,SF,2.0,10.0,27.0,2.0,1829.0,-10.0,pass,J.Dart,T.Tracy,right,3.0,,,0.0,1.0,0.0,0.0,0.0,0.0,-0.14774627122096717,-77.30602025985718,0.9553996920585632,Short [0-10),33
1894.0,2025_09_SF_NYG,9,(:25) (Shotgun) 6-J.Dart pass incomplete short middle to 84-T.Johnson (48-T.Bethune).,NYG,SF,3.0,10.0,27.0,2.0,1825.0,-10.0,pass,J.Dart,T.Johnson,middle,10.0,,,0.0,1.0,0.0,0.0,0.0,0.0,0.3653122417879153,-62.64541149139404,0.9500203132629395,Intermediate [10-20),33
2357.0,2025_09_SF_NYG,9,(9:50) (Shotgun) 6-J.Dart pass short middle to 17-W.Robinson to NYG 41 for 8 yards (20-U.Stout; 48-T.Bethune).,NYG,SF,1.0,10.0,67.0,3.0,1490.0,-13.0,pass,J.Dart,W.Robinson,middle,5.0,3.0,8.0,1.0,0.0,0.0,0.0,0.0,0.0,0.563526306534186,19.93744969367981,0.5181121826171875,Short [0-10),33
2486.0,2025_09_SF_NYG,9,(8:08) (Shotgun) 6-J.Dart pass incomplete short left to 18-D.Slayton (0-R.Green).,NYG,SF,1.0,9.0,9.0,3.0,1388.0,-13.0,pass,J.Dart,D.Slayton,left,9.0,,,0.0,1.0,0.0,0.0,0.0,0.0,-0.5562934338813648,-36.87845468521118,0.496262788772583,Short [0-10),33
2542.0,2025_09_SF_NYG,9,(7:28) (Shotgun) 6-J.Dart pass short right to 26-D.Singletary to SF 3 for 2 yards (6-M.Mustapha).,NYG,SF,3.0,5.0,5.0,3.0,1348.0,-13.0,pass,J.Dart,D.Singletary,right,0.0,2.0,2.0,1.0,0.0,0.0,0.0,0.0,0.0,-1.5862571652701902,35.45343279838562,0.9603443741798401,Short [0-10),33
2778.0,2025_09_SF_NYG,9,"(4:22) (No Huddle, Shotgun) 6-J.Dart pass short left to 17-W.Robinson to NYG 29 for 6 yards (0-R.Green; 53-D.Winters).",NYG,SF,2.0,8.0,77.0,3.0,1162.0,-10.0,pass,J.Dart,W.Robinson,left,3.0,3.0,6.0,1.0,0.0,0.0,0.0,0.0,0.0,0.5619777608662844,22.30684757232666,0.7881529331207275,Short [0-10),33
2803.0,2025_09_SF_NYG,9,(3:42) (Shotgun) 6-J.Dart pass short left to 29-T.Tracy pushed ob at NYG 39 for 10 yards (20-U.Stout).,NYG,SF,3.0,2.0,71.0,3.0,1122.0,-10.0,pass,J.Dart,T.Tracy,left,1.0,9.0,10.0,1.0,0.0,0.0,0.0,0.0,1.0,1.237899862229824,21.091163158416748,0.8113494515419006,Short [0-10),33
2848.0,2025_09_SF_NYG,9,(2:30) (Shotgun) 6-J.Dart pass short middle to 17-W.Robinson to NYG 41 for 9 yards (48-T.Bethune).,NYG,SF,2.0,17.0,68.0,3.0,1050.0,-10.0,pass,J.Dart,W.Robinson,middle,4.0,5.0,9.0,1.0,0.0,0.0,0.0,0.0,0.0,0.046270766761153936,17.634040117263794,0.9001925587654114,Short [0-10),33
2873.0,2025_09_SF_NYG,9,(1:48) (Shotgun) 6-J.Dart pass incomplete short middle to 17-W.Robinson (0-R.Green).,NYG,SF,3.0,8.0,59.0,3.0,1008.0,-10.0,pass,J.Dart,W.Robinson,middle,10.0,,,0.0,1.0,0.0,0.0,0.0,0.0,-1.4667324326001108,-67.07155704498291,0.9879023432731628,Intermediate [10-20),33
3191.0,2025_09_SF_NYG,9,(11:29) (Shotgun) 6-J.Dart pass short middle to 18-D.Slayton to SF 41 for 24 yards (6-M.Mustapha).,NYG,SF,1.0,10.0,65.0,4.0,689.0,-17.0,pass,J.Dart,D.Slayton,middle,14.0,10.0,24.0,1.0,0.0,0.0,0.0,0.0,1.0,1.4571454778779298,28.169387578964233,0.809080183506012,Intermediate [10-20),33
3216.0,2025_09_SF_NYG,9,"(11:04) (No Huddle, Shotgun) 6-J.Dart pass short left to 17-W.Robinson to SF 38 for 3 yards (27-J.Brown).",NYG,SF,1.0,10.0,41.0,4.0,664.0,-17.0,pass,J.Dart,W.Robinson,left,3.0,0.0,3.0,1.0,0.0,0.0,0.0,0.0,0.0,-0.2202941421419382,21.870851516723633,0.7906990051269531,Short [0-10),33
3241.0,2025_09_SF_NYG,9,"(10:42) (No Huddle, Shotgun) 6-J.Dart pass short middle to 88-R.McCloud to SF 33 for 5 yards (27-J.Brown).",NYG,SF,2.0,7.0,38.0,4.0,642.0,-17.0,pass,J.Dart,R.McCloud,middle,0.0,5.0,5.0,1.0,0.0,0.0,0.0,0.0,0.0,0.1765170767903328,42.44990348815918,0.8610663414001465,Short [0-10),33
3625.0,2025_09_SF_NYG,9,(4:06) (Shotgun) 6-J.Dart pass incomplete short right [98-M.Williams]. SF-98-M.Williams was injured during the play.,NYG,SF,1.0,10.0,69.0,4.0,246.0,-17.0,pass,J.Dart,,right,9.0,,,0.0,1.0,0.0,0.0,0.0,0.0,-0.4238917820621282,,0.8978298306465149,Short [0-10),33
3658.0,2025_09_SF_NYG,9,(3:59) (Shotgun) 6-J.Dart pass short left to 84-T.Johnson to NYG 36 for 5 yards (48-T.Bethune).,NYG,SF,2.0,10.0,69.0,4.0,239.0,-17.0,pass,J.Dart,T.Johnson,left,4.0,1.0,5.0,1.0,0.0,0.0,0.0,0.0,0.0,-0.21648454456590116,22.102808952331543,0.9083297848701477,Short [0-10),33
3683.0,2025_09_SF_NYG,9,"(3:24) (No Huddle, Shotgun) 6-J.Dart pass short right to 17-W.Robinson to NYG 42 for 6 yards (20-U.Stout).",NYG,SF,3.0,5.0,64.0,4.0,204.0,-17.0,pass,J.Dart,W.Robinson,right,4.0,2.0,6.0,1.0,0.0,0.0,0.0,0.0,1.0,1.1358195818029344,28.77979278564453,0.9785060286521912,Short [0-10),33
3708.0,2025_09_SF_NYG,9,"(2:58) (No Huddle, Shotgun) 6-J.Dart pass short middle to 18-D.Slayton to NYG 49 for 7 yards (53-D.Winters).",NYG,SF,1.0,10.0,58.0,4.0,178.0,-17.0,pass,J.Dart,D.Slayton,middle,5.0,2.0,7.0,1.0,0.0,0.0,0.0,0.0,0.0,0.31531115737743676,20.14341950416565,0.8925217986106873,Short [0-10),33
3733.0,2025_09_SF_NYG,9,"(2:33) (No Huddle, Shotgun) 6-J.Dart pass short middle to 18-D.Slayton to SF 34 for 17 yards (6-M.Mustapha).",NYG,SF,2.0,3.0,51.0,4.0,153.0,-17.0,pass,J.Dart,D.Slayton,middle,13.0,4.0,17.0,1.0,0.0,0.0,0.0,0.0,1.0,1.109150834963657,27.998095750808716,0.8732161521911621,Intermediate [10-20),33
3758.0,2025_09_SF_NYG,9,"(2:09) (No Huddle, Shotgun) 6-J.Dart pass incomplete deep right to 18-D.Slayton (27-J.Brown). NYG-18-D.Slayton was injured during the play.",NYG,SF,1.0,10.0,34.0,4.0,129.0,-17.0,pass,J.Dart,D.Slayton,right,34.0,,,0.0,1.0,0.0,0.0,0.0,0.0,-0.34416426735697314,-29.468059539794922,0.8959789276123047,Deep [20+),33
3788.0,2025_09_SF_NYG,9,(2:02) (Shotgun) 6-J.Dart pass incomplete short left to 17-W.Robinson.,NYG,SF,2.0,10.0,34.0,4.0,122.0,-17.0,pass,J.Dart,W.Robinson,left,4.0,,,0.0,1.0,0.0,0.0,0.0,0.0,-0.48129641462583095,-76.8869698047638,0.905093252658844,Short [0-10),33
3858.0,2025_09_SF_NYG,9,"(1:27) (No Huddle, Shotgun) 6-J.Dart pass deep right to 80-G.Olszewski for 24 yards, TOUCHDOWN.",NYG,SF,1.0,10.0,24.0,4.0,87.0,-17.0,pass,J.Dart,G.Olszewski,right,23.0,1.0,24.0,1.0,0.0,0.0,0.0,1.0,1.0,3.0978261955897324,69.89894509315491,0.895861804485321,Deep [20+),33
